timestamp,sede_id,sede,y,yhat,residual,abs_residual,threshold_p99,is_anomaly
2025-09-01 11:00:00,UPTC_SOG,Sogamoso,187.36269947527003,22.108442,165.25425716875148,165.25425716875148,9.492739099744208,True
2024-09-27 08:00:00,UPTC_DUI,Duitama,183.6356839638762,24.173157,159.46252722559495,159.46252722559495,9.492739099744208,True
2025-10-28 11:00:00,UPTC_SOG,Sogamoso,169.34047724139822,18.801157,150.53932024371755,150.53932024371755,9.492739099744208,True
2025-09-22 14:00:00,UPTC_DUI,Duitama,171.44271352411556,21.945251,149.4974620592718,149.4974620592718,9.492739099744208,True
2024-09-24 11:00:00,UPTC_SOG,Sogamoso,171.67787893879242,22.852081,148.8257976399643,148.8257976399643,9.492739099744208,True
2025-04-08 11:00:00,UPTC_SOG,Sogamoso,168.13614526926523,22.115608,146.0205370539332,146.0205370539332,9.492739099744208,True
2025-04-09 14:00:00,UPTC_DUI,Duitama,159.98374422713417,15.662533,144.32121142073768,144.32121142073768,9.492739099744208,True
2025-10-21 07:00:00,UPTC_SOG,Sogamoso,162.72734073169752,18.677982,144.04935840137526,144.04935840137526,9.492739099744208,True
2024-12-05 09:00:00,UPTC_SOG,Sogamoso,151.68169246657243,16.90908,134.77261196120133,134.77261196120133,9.492739099744208,True
2024-10-18 08:00:00,UPTC_SOG,Sogamoso,151.04033224472647,20.292356,130.7479757536376,130.7479757536376,9.492739099744208,True
2025-04-24 16:00:00,UPTC_SOG,Sogamoso,151.061710918788,21.631239,129.43047198141008,129.43047198141008,9.492739099744208,True
2024-11-18 11:00:00,UPTC_SOG,Sogamoso,147.12090866677886,17.902899,129.2180098783267,129.2180098783267,9.492739099744208,True
2025-03-06 09:00:00,UPTC_SOG,Sogamoso,135.92560968322306,13.121515,122.8040944091752,122.8040944091752,9.492739099744208,True
2025-09-26 17:00:00,UPTC_SOG,Sogamoso,135.29137568606424,14.63876,120.65261607302713,120.65261607302713,9.492739099744208,True
2024-10-11 07:00:00,UPTC_SOG,Sogamoso,137.35085462065854,19.057053,118.29380200835385,118.29380200835385,9.492739099744208,True
2025-03-10 10:00:00,UPTC_DUI,Duitama,136.98029093692531,18.908665,118.07162623355617,118.07162623355617,9.492739099744208,True
2024-10-23 17:00:00,UPTC_SOG,Sogamoso,139.8379070364835,21.962177,117.87572975987217,117.87572975987217,9.492739099744208,True
2025-02-19 17:00:00,UPTC_DUI,Duitama,132.29123509276255,16.628693,115.66254246580942,115.66254246580942,9.492739099744208,True
2024-08-31 12:00:00,UPTC_DUI,Duitama,129.78993022756325,18.262594,111.52733600454079,111.52733600454079,9.492739099744208,True
2024-11-13 14:00:00,UPTC_DUI,Duitama,122.61382196757552,13.283588,109.33023355815169,109.33023355815169,9.492739099744208,True
2025-04-18 14:00:00,UPTC_DUI,Duitama,115.46621860633653,12.675793,102.79042591224473,102.79042591224473,9.492739099744208,True
2025-01-21 16:00:00,UPTC_SOG,Sogamoso,118.28107735777162,16.619478,101.66159913206361,101.66159913206361,9.492739099744208,True
2024-10-22 17:00:00,UPTC_DUI,Duitama,114.39015867857272,15.365842,99.02431681303317,99.02431681303317,9.492739099744208,True
2025-05-09 15:00:00,UPTC_DUI,Duitama,112.53021403521942,15.101196,97.42901774615692,97.42901774615692,9.492739099744208,True
2025-06-07 10:00:00,UPTC_SOG,Sogamoso,103.53691848000145,11.41766,92.11925872047996,92.11925872047996,9.492739099744208,True
2024-11-08 15:00:00,UPTC_DUI,Duitama,96.16127592877277,9.520869,86.64040667370685,86.64040667370685,9.492739099744208,True
2025-09-29 12:00:00,UPTC_DUI,Duitama,98.19937618930553,14.622487,83.57688912112926,83.57688912112926,9.492739099744208,True
2025-06-04 12:00:00,UPTC_SOG,Sogamoso,96.6886165556239,14.29978,82.38883666365612,82.38883666365612,9.492739099744208,True
2025-04-10 12:00:00,UPTC_SOG,Sogamoso,95.51278948223964,13.1688385,82.34395098126308,82.34395098126308,9.492739099744208,True
2025-02-22 07:00:00,UPTC_DUI,Duitama,90.37478148278468,10.897769,79.47701250848048,79.47701250848048,9.492739099744208,True
2025-04-16 12:00:00,UPTC_DUI,Duitama,90.88786966026144,12.968029,77.91984063804465,77.91984063804465,9.492739099744208,True
2025-09-10 18:00:00,UPTC_DUI,Duitama,86.58362994920626,9.961312,76.62231765519991,76.62231765519991,9.492739099744208,True
2024-11-15 13:00:00,UPTC_SOG,Sogamoso,85.208268584581,11.023928,74.18434089598237,74.18434089598237,9.492739099744208,True
2025-07-24 13:00:00,UPTC_DUI,Duitama,80.57622253791565,11.203727,69.372495769422,69.372495769422,9.492739099744208,True
2025-07-28 16:00:00,UPTC_DUI,Duitama,78.44548135644958,9.316147,69.12933450586364,69.12933450586364,9.492739099744208,True
2025-10-14 19:00:00,UPTC_SOG,Sogamoso,77.81124735929079,9.159448,68.65179968930788,68.65179968930788,9.492739099744208,True
2024-11-05 11:00:00,UPTC_TUN,Tunja,73.763551736974,9.198823,64.5647287618153,64.5647287618153,9.492739099744208,True
2025-03-12 19:00:00,UPTC_DUI,Duitama,73.43574540136382,9.2982855,64.13745991704985,64.13745991704985,9.492739099744208,True
2025-09-12 10:00:00,UPTC_TUN,Tunja,74.49755287975327,10.393183,64.10437012523667,64.10437012523667,9.492739099744208,True
2025-03-26 12:00:00,UPTC_SOG,Sogamoso,74.15549409476876,10.1013775,64.05411660758614,64.05411660758614,9.492739099744208,True
2024-09-25 08:00:00,UPTC_TUN,Tunja,72.38106414766156,9.511171,62.86989280671918,62.86989280671918,9.492739099744208,True
2025-03-18 13:00:00,UPTC_SOG,Sogamoso,71.6399367801951,9.149179,62.490757321576936,62.490757321576936,9.492739099744208,True
2025-04-16 20:00:00,UPTC_SOG,Sogamoso,68.76094200657539,6.394528,62.3664140944355,62.3664140944355,9.492739099744208,True
2025-09-01 08:00:00,UPTC_SOG,Sogamoso,25.243,87.41228,-62.16927722167969,62.16927722167969,9.492739099744208,True
2025-06-30 08:00:00,UPTC_DUI,Duitama,69.80137081090331,7.655953,62.14541788045287,62.14541788045287,9.492739099744208,True
2024-10-29 20:00:00,UPTC_SOG,Sogamoso,70.59950797586718,8.676547,61.92296092539111,61.92296092539111,9.492739099744208,True
2025-03-05 18:00:00,UPTC_SOG,Sogamoso,70.53537195368258,10.162414,60.37295835657565,60.37295835657565,9.492739099744208,True
2024-09-17 07:00:00,UPTC_TUN,Tunja,69.85838060840074,9.797117,60.06126337512437,60.06126337512437,9.492739099744208,True
2025-09-16 07:00:00,UPTC_CHI,Chiquinquirá,63.68707002930504,8.154399,55.532671111153185,55.532671111153185,9.492739099744208,True
2024-09-03 15:00:00,UPTC_CHI,Chiquinquirá,63.75120605148964,8.290316,55.46089042343788,55.46089042343788,9.492739099744208,True
2025-05-07 14:00:00,UPTC_CHI,Chiquinquirá,64.46382852020739,9.101355,55.36247392120836,55.36247392120836,9.492739099744208,True
2024-10-29 14:00:00,UPTC_TUN,Tunja,60.6299196385059,6.200725,54.42919455992314,54.42919455992314,9.492739099744208,True
2024-09-03 16:00:00,UPTC_CHI,Chiquinquirá,66.57319102761193,12.168371,54.4048198270504,54.4048198270504,9.492739099744208,True
2025-10-29 14:00:00,UPTC_CHI,Chiquinquirá,59.09065510607557,5.520595,53.57006003237562,53.57006003237562,9.492739099744208,True
2024-11-04 07:00:00,UPTC_CHI,Chiquinquirá,58.8911208148346,6.567636,52.323484801803595,52.323484801803595,9.492739099744208,True
2025-02-05 16:00:00,UPTC_TUN,Tunja,59.34007297012678,7.9974775,51.34259543869368,51.34259543869368,9.492739099744208,True
2024-12-02 16:00:00,UPTC_CHI,Chiquinquirá,50.99526386144197,2.8969665,48.098297404075026,48.098297404075026,9.492739099744208,True
2025-04-09 11:00:00,UPTC_DUI,Duitama,-24.853,22.445736,-47.298735931396486,47.298735931396486,9.492739099744208,True
2025-09-05 14:00:00,UPTC_TUN,Tunja,53.21151973915416,6.157209,47.054310819629016,47.054310819629016,9.492739099744208,True
2025-09-04 16:00:00,UPTC_DUI,Duitama,-25.919,21.03203,-46.95103010559082,46.95103010559082,9.492739099744208,True
2025-02-28 08:00:00,UPTC_CHI,Chiquinquirá,51.70076010547254,6.251153,45.449607113224005,45.449607113224005,9.492739099744208,True
2025-01-31 07:00:00,UPTC_CHI,Chiquinquirá,51.608119184539234,6.248324,45.35979526715032,45.35979526715032,9.492739099744208,True
2025-05-28 11:00:00,UPTC_SOG,Sogamoso,-21.964,23.13376,-45.09776045227051,45.09776045227051,9.492739099744208,True
2024-10-11 17:00:00,UPTC_TUN,Tunja,52.334994102631335,7.451197,44.88379695526195,44.88379695526195,9.492739099744208,True
2024-10-04 20:00:00,UPTC_DUI,Duitama,51.86466327327762,8.370195,43.494467884483676,43.494467884483676,9.492739099744208,True
2024-11-19 17:00:00,UPTC_SOG,Sogamoso,-19.469,18.994781,-38.463781494140626,38.463781494140626,9.492739099744208,True
2025-08-15 00:00:00,UPTC_SOG,Sogamoso,42.40816311339312,4.2266355,38.18152765730792,38.18152765730792,9.492739099744208,True
2025-08-16 05:00:00,UPTC_SOG,Sogamoso,43.41296079428514,5.577069,37.83589198859056,37.83589198859056,9.492739099744208,True
2025-07-18 18:00:00,UPTC_SOG,Sogamoso,43.13503803148522,5.43635,37.69868816271081,37.69868816271081,9.492739099744208,True
2025-05-24 18:00:00,UPTC_SOG,Sogamoso,42.1943763727778,4.6154323,37.57894411035715,37.57894411035715,9.492739099744208,True
2025-05-28 21:00:00,UPTC_SOG,Sogamoso,42.33690086652135,5.011689,37.325211680425156,37.325211680425156,9.492739099744208,True
2025-02-26 11:00:00,UPTC_DUI,Duitama,-20.866,16.4082,-37.274199310302734,37.274199310302734,9.492739099744208,True
2024-09-16 01:00:00,UPTC_SOG,Sogamoso,42.64332852806998,5.37105,37.272278647088534,37.272278647088534,9.492739099744208,True
2025-07-08 02:00:00,UPTC_SOG,Sogamoso,41.37486053375239,4.1133556,37.26150489715571,37.26150489715571,9.492739099744208,True
2025-05-21 04:00:00,UPTC_SOG,Sogamoso,42.26563861964957,5.057292,37.208346635091466,37.208346635091466,9.492739099744208,True
2025-02-08 18:00:00,UPTC_DUI,Duitama,40.9615395018961,3.8732,37.088339562168315,37.088339562168315,9.492739099744208,True
2025-05-08 04:00:00,UPTC_DUI,Duitama,41.431870331249804,4.6299114,36.80195890852031,36.80195890852031,9.492739099744208,True
2025-05-24 16:00:00,UPTC_SOG,Sogamoso,41.011423074706336,4.291945,36.719478094085,36.719478094085,9.492739099744208,True
2024-10-03 10:00:00,UPTC_DUI,Duitama,-18.249,18.31464,-36.56364004516601,36.56364004516601,9.492739099744208,True
2025-08-13 21:00:00,UPTC_SOG,Sogamoso,42.67895965150586,6.3491683,36.3297913508772,36.3297913508772,9.492739099744208,True
2025-07-16 20:00:00,UPTC_DUI,Duitama,41.38198675843957,5.2314825,36.15050425264123,36.15050425264123,9.492739099744208,True
2024-11-22 08:00:00,UPTC_DUI,Duitama,-18.264,17.582054,-35.84605413818359,35.84605413818359,9.492739099744208,True
2024-09-30 21:00:00,UPTC_SOG,Sogamoso,40.7691314353423,5.0837975,35.68533398050832,35.68533398050832,9.492739099744208,True
2025-05-06 03:00:00,UPTC_DUI,Duitama,40.6123544922244,5.1336226,35.47873184589261,35.47873184589261,9.492739099744208,True
2025-07-07 14:00:00,UPTC_TUN,Tunja,39.70019773226568,4.2810817,35.419116055782524,35.419116055782524,9.492739099744208,True
2025-08-25 04:00:00,UPTC_SOG,Sogamoso,40.73350031190642,5.455872,35.27762825303801,35.27762825303801,9.492739099744208,True
2025-10-20 16:00:00,UPTC_DUI,Duitama,-19.039,16.177685,-35.21668478393555,35.21668478393555,9.492739099744208,True
2025-09-20 14:00:00,UPTC_SOG,Sogamoso,39.92823692225536,4.830712,35.097525080672106,35.097525080672106,9.492739099744208,True
2025-07-06 11:00:00,UPTC_SOG,Sogamoso,39.22274067822479,4.4558315,34.76690915051483,34.76690915051483,9.492739099744208,True
2025-06-09 21:00:00,UPTC_DUI,Duitama,39.77858620382463,5.1244054,34.65418081976091,34.65418081976091,9.492739099744208,True
2025-03-21 14:00:00,UPTC_CHI,Chiquinquirá,37.36992225955865,2.834024,34.53589830707452,34.53589830707452,9.492739099744208,True
2025-05-22 05:00:00,UPTC_DUI,Duitama,38.852176994491565,5.0562162,33.795960754562365,33.795960754562365,9.492739099744208,True
2025-06-27 08:00:00,UPTC_SOG,Sogamoso,38.502991984819865,4.7579,33.745091746782755,33.745091746782755,9.492739099744208,True
2025-09-14 17:00:00,UPTC_DUI,Duitama,38.29633146889172,4.651073,33.645258489918334,33.645258489918334,9.492739099744208,True
2025-08-03 05:00:00,UPTC_SOG,Sogamoso,38.13955452577382,4.494976,33.644578482072646,33.644578482072646,9.492739099744208,True
2025-07-03 11:00:00,UPTC_TUN,Tunja,37.23452399050228,3.6619,33.57262394701473,33.57262394701473,9.492739099744208,True
2025-08-24 12:00:00,UPTC_SOG,Sogamoso,38.90918679198898,5.3706985,33.53848833999313,33.53848833999313,9.492739099744208,True
2025-08-03 20:00:00,UPTC_DUI,Duitama,38.79516719699414,5.3120923,33.48307489276441,33.48307489276441,9.492739099744208,True
2025-07-03 20:00:00,UPTC_DUI,Duitama,38.2393216713943,5.116631,33.12269064035792,33.12269064035792,9.492739099744208,True
2025-05-26 14:00:00,UPTC_SOG,Sogamoso,21.199,54.158302,-32.95930230712891,32.95930230712891,9.492739099744208,True
2025-04-26 06:00:00,UPTC_DUI,Duitama,38.51724443419423,5.5867834,32.93046102507558,32.93046102507558,9.492739099744208,True
2025-07-26 21:00:00,UPTC_DUI,Duitama,38.01128248140462,5.162928,32.848354377003986,32.848354377003986,9.492739099744208,True
2025-02-20 15:00:00,UPTC_SOG,Sogamoso,-16.252,16.584604,-32.83660426330566,32.83660426330566,9.492739099744208,True
2024-09-28 10:00:00,UPTC_CHI,Chiquinquirá,38.1110496270251,5.2909365,32.820113156993365,32.820113156993365,9.492739099744208,True
2025-07-20 09:00:00,UPTC_DUI,Duitama,37.49106807924067,4.7487035,32.742364599473824,32.742364599473824,9.492739099744208,True
2025-10-02 23:00:00,UPTC_SOG,Sogamoso,36.91384387957929,4.5116267,32.40221715915082,32.40221715915082,9.492739099744208,True
2024-11-10 12:00:00,UPTC_SOG,Sogamoso,34.761724024051695,3.422686,31.33903792404559,31.33903792404559,9.492739099744208,True
2025-10-08 10:00:00,UPTC_SOG,Sogamoso,20.443,51.31172,-30.86872180175781,30.86872180175781,9.492739099744208,True
2025-10-20 06:00:00,UPTC_SOG,Sogamoso,35.21067617934388,4.437699,30.772977338248907,30.772977338248907,9.492739099744208,True
2025-10-15 19:00:00,UPTC_CHI,Chiquinquirá,34.14886870095443,3.5727818,30.576086899730676,30.576086899730676,9.492739099744208,True
2024-10-09 18:00:00,UPTC_TUN,Tunja,33.56451827660588,3.1710823,30.393436018381394,30.393436018381394,9.492739099744208,True
2025-08-30 09:00:00,UPTC_DUI,Duitama,-15.997,14.192204,-30.189204475402832,30.189204475402832,9.492739099744208,True
2024-10-11 06:00:00,UPTC_SOG,Sogamoso,35.23205485340541,5.077609,30.154445791210584,30.154445791210584,9.492739099744208,True
2025-10-16 17:00:00,UPTC_SOG,Sogamoso,18.083,47.461563,-29.378563110351564,29.378563110351564,9.492739099744208,True
2025-01-25 14:00:00,UPTC_DUI,Duitama,32.78063356101636,3.8853612,28.895272366405763,28.895272366405763,9.492739099744208,True
2025-02-28 23:00:00,UPTC_SOG,Sogamoso,32.90177938069838,4.1123776,28.789401737113174,28.789401737113174,9.492739099744208,True
2025-01-18 23:00:00,UPTC_SOG,Sogamoso,32.52408947227797,4.1068535,28.41723598717055,28.41723598717055,9.492739099744208,True
2025-02-03 15:00:00,UPTC_SOG,Sogamoso,-15.963,12.293252,-28.256251991271974,28.256251991271974,9.492739099744208,True
2025-03-18 13:00:00,UPTC_TUN,Tunja,32.11076844042168,4.1848583,27.925910118278125,27.925910118278125,9.492739099744208,True
2025-09-11 16:00:00,UPTC_SOG,Sogamoso,0.0,27.524628,-27.524627685546875,27.524627685546875,9.492739099744208,True
2025-02-23 18:00:00,UPTC_SOG,Sogamoso,31.291252601396263,4.174169,27.117083537828147,27.117083537828147,9.492739099744208,True
2025-10-09 20:00:00,UPTC_TUN,Tunja,29.545327553037787,2.6472971,26.89803040910163,26.89803040910163,9.492739099744208,True
2025-02-19 21:00:00,UPTC_DUI,Duitama,30.97769871516046,4.2131314,26.76456728739557,26.76456728739557,9.492739099744208,True
2024-11-23 08:00:00,UPTC_CHI,Chiquinquirá,31.74020475668845,5.1266603,26.613544409703586,26.613544409703586,9.492739099744208,True
2024-12-28 13:00:00,UPTC_SOG,Sogamoso,29.03936560024819,2.7004972,26.338868449827046,26.338868449827046,9.492739099744208,True
2024-11-30 10:00:00,UPTC_CHI,Chiquinquirá,31.65469006044232,5.3679023,26.286787781542174,26.286787781542174,9.492739099744208,True
2024-11-02 21:00:00,UPTC_DUI,Duitama,30.3007073698786,4.0390997,26.26160767658026,26.26160767658026,9.492739099744208,True
2025-03-30 04:00:00,UPTC_DUI,Duitama,29.303035913673757,3.3933733,25.909662662712453,25.909662662712453,9.492739099744208,True
2024-11-29 06:00:00,UPTC_DUI,Duitama,29.951522360206905,4.2128344,25.738688001991573,25.738688001991573,9.492739099744208,True
2024-12-31 13:00:00,UPTC_DUI,Duitama,28.51915119808423,2.788314,25.73083709400403,25.73083709400403,9.492739099744208,True
2024-11-28 18:00:00,UPTC_TUN,Tunja,30.20806644894529,4.511401,25.696665272492652,25.696665272492652,9.492739099744208,True
2024-11-25 03:00:00,UPTC_DUI,Duitama,29.181890093991736,3.5185068,25.663383328626136,25.663383328626136,9.492739099744208,True
2025-05-27 10:00:00,UPTC_DUI,Duitama,0.0,25.556602,-25.556602478027344,25.556602478027344,9.492739099744208,True
2024-12-18 23:00:00,UPTC_SOG,Sogamoso,28.69018059057649,3.2716553,25.418525269455273,25.418525269455273,9.492739099744208,True
2024-10-30 10:00:00,UPTC_SOG,Sogamoso,20.682,45.78934,-25.107340972900392,25.107340972900392,9.492739099744208,True
2024-10-26 12:00:00,UPTC_SOG,Sogamoso,-13.268,11.811416,-25.079415672302247,25.079415672302247,9.492739099744208,True
2024-10-15 07:00:00,UPTC_CHI,Chiquinquirá,7.637,32.399536,-24.7625361328125,24.7625361328125,9.492739099744208,True
2025-01-12 14:00:00,UPTC_SOG,Sogamoso,28.013189245294637,3.266535,24.746654201578206,24.746654201578206,9.492739099744208,True
2024-12-26 04:00:00,UPTC_SOG,Sogamoso,27.75664515655624,3.2380624,24.518582774811854,24.518582774811854,9.492739099744208,True
2024-11-12 12:00:00,UPTC_CHI,Chiquinquirá,28.69018059057649,4.2796545,24.410526087707836,24.410526087707836,9.492739099744208,True
2025-09-15 18:00:00,UPTC_CHI,Chiquinquirá,27.45734371969479,3.1556668,24.301676891539273,24.301676891539273,9.492739099744208,True
2025-09-29 08:00:00,UPTC_SOG,Sogamoso,0.0,24.290998,-24.290998458862305,24.290998458862305,9.492739099744208,True
2025-03-20 14:00:00,UPTC_DUI,Duitama,29.352919486483994,5.083689,24.269230273684922,24.269230273684922,9.492739099744208,True
2024-11-19 22:00:00,UPTC_DUI,Duitama,28.16283996372536,4.0372124,24.12562759189919,24.12562759189919,9.492739099744208,True
2024-12-30 09:00:00,UPTC_DUI,Duitama,27.57136331468963,3.6361015,23.935261830390925,23.935261830390925,9.492739099744208,True
2024-10-11 22:00:00,UPTC_DUI,Duitama,27.61412066281269,3.745565,23.86855572522114,23.86855572522114,9.492739099744208,True
2024-11-07 20:00:00,UPTC_DUI,Duitama,28.419384052463748,4.6435595,23.775824596592166,23.775824596592166,9.492739099744208,True
2025-02-02 12:00:00,UPTC_SOG,Sogamoso,27.236430754392288,4.040509,23.1959215304543,23.1959215304543,9.492739099744208,True
2024-10-14 08:00:00,UPTC_SOG,Sogamoso,21.807,44.78087,-22.97386853027344,22.97386853027344,9.492739099744208,True
2025-01-04 00:00:00,UPTC_DUI,Duitama,26.01784633288494,3.6248229,22.393023477889212,22.393023477889212,9.492739099744208,True
2025-04-22 11:00:00,UPTC_SOG,Sogamoso,0.0,22.378147,-22.37814712524414,22.37814712524414,9.492739099744208,True
2024-09-16 17:00:00,UPTC_TUN,Tunja,8.833,31.16508,-22.33207911682129,22.33207911682129,9.492739099744208,True
2025-10-24 09:00:00,UPTC_SOG,Sogamoso,23.16,44.870937,-21.71093734741211,21.71093734741211,9.492739099744208,True
2025-07-08 16:00:00,UPTC_SOG,Sogamoso,-10.954,10.746818,-21.700817588806153,21.700817588806153,9.492739099744208,True
2025-07-18 08:00:00,UPTC_SOG,Sogamoso,-10.95,10.713358,-21.66335792541504,21.66335792541504,9.492739099744208,True
2025-06-19 15:00:00,UPTC_SOG,Sogamoso,-11.536,9.812678,-21.34867833709717,21.34867833709717,9.492739099744208,True
2025-07-05 15:00:00,UPTC_TUN,Tunja,23.488036568936938,2.8710742,20.616962369260424,20.616962369260424,9.492739099744208,True
2025-08-05 15:00:00,UPTC_SOG,Sogamoso,-10.888,9.69548,-20.583480346679686,20.583480346679686,9.492739099744208,True
2025-03-31 15:00:00,UPTC_DUI,Duitama,18.191,38.75716,-20.56616018676758,20.56616018676758,9.492739099744208,True
2024-12-12 03:00:00,UPTC_DUI,Duitama,23.951241173603474,3.3903592,20.560882010319173,20.560882010319173,9.492739099744208,True
2025-07-12 13:00:00,UPTC_TUN,Tunja,23.374016973942098,2.9673262,20.406690809696492,20.406690809696492,9.492739099744208,True
2025-04-01 08:00:00,UPTC_DUI,Duitama,22.581,42.805187,-20.224187225341797,20.224187225341797,9.492739099744208,True
2024-10-15 10:00:00,UPTC_SOG,Sogamoso,21.682,41.452515,-19.7705146484375,19.7705146484375,9.492739099744208,True
2025-01-27 19:00:00,UPTC_SOG,Sogamoso,-9.971,8.68906,-18.66006021118164,18.66006021118164,9.492739099744208,True
2024-10-03 13:00:00,UPTC_DUI,Duitama,-9.577,8.797376,-18.37437567901611,18.37437567901611,9.492739099744208,True
2024-09-26 10:00:00,UPTC_CHI,Chiquinquirá,-8.951,9.264217,-18.215217376708985,18.215217376708985,9.492739099744208,True
2025-09-19 08:00:00,UPTC_TUN,Tunja,11.017,29.22291,-18.205909927368165,18.205909927368165,9.492739099744208,True
2025-10-14 15:00:00,UPTC_SOG,Sogamoso,0.0,18.163786,-18.163785934448242,18.163785934448242,9.492739099744208,True
2025-04-09 15:00:00,UPTC_CHI,Chiquinquirá,-9.043,8.632598,-17.675597923278808,17.675597923278808,9.492739099744208,True
2025-05-27 00:00:00,UPTC_TUN,Tunja,19.50447696880473,2.0011694,17.503307525674238,17.503307525674238,9.492739099744208,True
2025-10-27 17:00:00,UPTC_TUN,Tunja,9.123,26.620441,-17.49744143676758,17.49744143676758,9.492739099744208,True
2024-10-01 17:00:00,UPTC_SOG,Sogamoso,0.0,17.39925,-17.399250030517578,17.399250030517578,9.492739099744208,True
2024-09-30 11:00:00,UPTC_CHI,Chiquinquirá,-8.458,8.727281,-17.185280616760252,17.185280616760252,9.492739099744208,True
2025-05-29 04:00:00,UPTC_TUN,Tunja,19.7681472822303,2.5951936,17.17295365773384,17.17295365773384,9.492739099744208,True
2025-02-25 14:00:00,UPTC_DUI,Duitama,0.0,17.045845,-17.04584503173828,17.04584503173828,9.492739099744208,True
2025-03-25 16:00:00,UPTC_SOG,Sogamoso,0.0,16.904444,-16.904443740844727,16.904443740844727,9.492739099744208,True
2025-02-04 19:00:00,UPTC_CHI,Chiquinquirá,19.661253911922635,2.9919057,16.669348222683134,16.669348222683134,9.492739099744208,True
2025-03-10 11:00:00,UPTC_TUN,Tunja,-8.402,8.183961,-16.585960914611817,16.585960914611817,9.492739099744208,True
2025-05-17 10:00:00,UPTC_DUI,Duitama,0.0,16.548111,-16.548110961914062,16.548110961914062,9.492739099744208,True
2025-02-06 15:00:00,UPTC_SOG,Sogamoso,0.0,16.137262,-16.13726234436035,16.13726234436035,9.492739099744208,True
2025-10-06 10:00:00,UPTC_DUI,Duitama,17.108,33.144127,-16.036126892089843,16.036126892089843,9.492739099744208,True
2024-12-04 10:00:00,UPTC_SOG,Sogamoso,22.734,6.753392,15.980607780456545,15.980607780456545,9.492739099744208,True
2024-10-03 15:00:00,UPTC_DUI,Duitama,0.0,15.836251,-15.836251258850098,15.836251258850098,9.492739099744208,True
2024-09-09 01:00:00,UPTC_TUN,Tunja,17.59464875264117,2.0983438,15.496304903459041,15.496304903459041,9.492739099744208,True
2025-08-30 02:00:00,UPTC_TUN,Tunja,17.7442994710719,2.2734823,15.47081714837903,15.47081714837903,9.492739099744208,True
2024-09-24 00:00:00,UPTC_TUN,Tunja,17.7442994710719,2.3529904,15.391309082201662,15.391309082201662,9.492739099744208,True
2024-11-29 03:00:00,UPTC_TUN,Tunja,16.83926893580036,1.7093403,15.12992860186176,15.12992860186176,9.492739099744208,True
2025-08-08 03:00:00,UPTC_TUN,Tunja,17.494881607020687,2.3774312,15.117450452769589,15.117450452769589,9.492739099744208,True
2025-03-31 19:00:00,UPTC_SOG,Sogamoso,-8.219,6.890328,-15.109327930450439,15.109327930450439,9.492739099744208,True
2024-09-24 10:00:00,UPTC_CHI,Chiquinquirá,-8.124,6.8187795,-14.942779468536378,14.942779468536378,9.492739099744208,True
2025-09-19 07:00:00,UPTC_SOG,Sogamoso,27.031,12.195011,14.835988861083983,14.835988861083983,9.492739099744208,True
2025-08-22 07:00:00,UPTC_SOG,Sogamoso,26.919,12.137747,14.781253189086915,14.781253189086915,9.492739099744208,True
2024-09-25 17:00:00,UPTC_SOG,Sogamoso,26.173,11.406003,14.766997001647947,14.766997001647947,9.492739099744208,True
2025-07-11 00:00:00,UPTC_TUN,Tunja,16.853521385174716,2.2750084,14.578512945157016,14.578512945157016,9.492739099744208,True
2024-10-29 10:00:00,UPTC_SOG,Sogamoso,20.933,35.511383,-14.578383056640625,14.578383056640625,9.492739099744208,True
2024-12-19 10:00:00,UPTC_TUN,Tunja,16.47583147675431,2.0555947,14.420236794060827,14.420236794060827,9.492739099744208,True
2024-09-22 19:00:00,UPTC_TUN,Tunja,16.39031678050818,2.0777442,14.312572534979005,14.312572534979005,9.492739099744208,True
2024-09-25 15:00:00,UPTC_DUI,Duitama,21.953,36.07578,-14.122778961181641,14.122778961181641,9.492739099744208,True
2025-08-22 05:00:00,UPTC_TUN,Tunja,16.1622775905185,2.081942,14.080335509067083,14.080335509067083,9.492739099744208,True
2024-12-06 07:00:00,UPTC_SOG,Sogamoso,21.197,7.183952,14.013048145294189,14.013048145294189,9.492739099744208,True
2024-09-17 17:00:00,UPTC_SOG,Sogamoso,25.31,11.442048,13.867951927185057,13.867951927185057,9.492739099744208,True
2025-10-05 12:00:00,UPTC_TUN,Tunja,15.642063188354545,1.8218398,13.82022337893682,13.82022337893682,9.492739099744208,True
2024-10-29 00:00:00,UPTC_TUN,Tunja,15.891481052405757,2.1124592,13.779021869666499,13.779021869666499,9.492739099744208,True
2025-06-05 07:00:00,UPTC_DUI,Duitama,25.595,11.832706,13.762293548583983,13.762293548583983,9.492739099744208,True
2025-06-02 10:00:00,UPTC_SOG,Sogamoso,25.725,11.984891,13.740109062194826,13.740109062194826,9.492739099744208,True
2025-10-12 02:00:00,UPTC_TUN,Tunja,15.784587682098094,2.1059349,13.67865282377595,13.67865282377595,9.492739099744208,True
2025-06-12 17:00:00,UPTC_SOG,Sogamoso,24.374,10.713833,13.66016714477539,13.66016714477539,9.492739099744208,True
2024-10-27 14:00:00,UPTC_TUN,Tunja,14.993576741821396,1.386544,13.607032752639878,13.607032752639878,9.492739099744208,True
2025-09-17 08:00:00,UPTC_SOG,Sogamoso,26.378,12.793277,13.584723213195801,13.584723213195801,9.492739099744208,True
2025-10-25 01:00:00,UPTC_TUN,Tunja,15.763209008036563,2.2103105,13.5528985488996,13.5528985488996,9.492739099744208,True
2025-09-09 11:00:00,UPTC_SOG,Sogamoso,27.674,14.204412,13.469587539672851,13.469587539672851,9.492739099744208,True
2025-09-29 08:00:00,UPTC_CHI,Chiquinquirá,8.887,22.292484,-13.405484283447265,13.405484283447265,9.492739099744208,True
2025-03-14 07:00:00,UPTC_SOG,Sogamoso,17.757,31.11343,-13.356430023193358,13.356430023193358,9.492739099744208,True
2025-09-25 10:00:00,UPTC_SOG,Sogamoso,27.98,14.6444025,13.335597496032715,13.335597496032715,9.492739099744208,True
2025-06-10 08:00:00,UPTC_SOG,Sogamoso,24.671,11.552548,13.118451591491699,13.118451591491699,9.492739099744208,True
2025-04-07 07:00:00,UPTC_DUI,Duitama,24.516,37.61381,-13.097811492919924,13.097811492919924,9.492739099744208,True
2025-10-26 02:00:00,UPTC_TUN,Tunja,14.55887703590357,1.573646,12.985231086539862,12.985231086539862,9.492739099744208,True
2024-12-25 17:00:00,UPTC-TUN,Tunja,14.858178472765022,1.8817233,12.976455188043648,12.976455188043648,9.492739099744208,True
2024-12-05 15:00:00,UPTC_SOG,Sogamoso,19.352,6.41606,12.935940029144287,12.935940029144287,9.492739099744208,True
2025-05-16 07:00:00,UPTC_DUI,Duitama,27.09,14.169497,12.920503463745117,12.920503463745117,9.492739099744208,True
2024-12-05 17:00:00,UPTC_DUI,Duitama,19.341,6.4801955,12.860804477691651,12.860804477691651,9.492739099744208,True
2024-08-29 10:00:00,UPTC_DUI,Duitama,0.0,12.858926,-12.858925819396973,12.858925819396973,9.492739099744208,True
2025-09-03 08:00:00,UPTC_SOG,Sogamoso,26.277,13.432447,12.844552566528321,12.844552566528321,9.492739099744208,True
2025-06-11 10:00:00,UPTC_DUI,Duitama,25.794,13.012169,12.781831115722657,12.781831115722657,9.492739099744208,True
2025-08-26 10:00:00,UPTC_DUI,Duitama,25.626,13.037832,12.588167739868165,12.588167739868165,9.492739099744208,True
2025-08-28 09:00:00,UPTC_DUI,Duitama,24.807,12.278244,12.528755981445311,12.528755981445311,9.492739099744208,True
2025-04-09 09:00:00,UPTC_SOG,Sogamoso,25.571,13.059541,12.51145925140381,12.51145925140381,9.492739099744208,True
2024-10-25 10:00:00,UPTC_SOG,Sogamoso,21.72,34.22534,-12.505341796875001,12.505341796875001,9.492739099744208,True
2025-03-17 23:00:00,UPTC_TUN,Tunja,14.345090295288244,1.8748189,12.470271374199072,12.470271374199072,9.492739099744208,True
2025-04-18 16:00:00,UPTC_DUI,Duitama,18.987,31.438913,-12.451913345336916,12.451913345336916,9.492739099744208,True
2025-07-28 02:00:00,UPTC_CHI,Chiquinquirá,-10.78197795169951,1.5605922,-12.342570126229539,12.342570126229539,9.492739099744208,True
2024-12-04 17:00:00,UPTC_SOG,Sogamoso,19.571,7.287846,12.283153911590578,12.283153911590578,9.492739099744208,True
2025-06-06 11:00:00,UPTC_SOG,Sogamoso,24.491,12.209619,12.28138143157959,12.28138143157959,9.492739099744208,True
2025-09-08 17:00:00,UPTC_DUI,Duitama,24.353,12.091514,12.261486366271974,12.261486366271974,9.492739099744208,True
2025-09-02 08:00:00,UPTC_DUI,Duitama,26.606,14.372407,12.23359304046631,12.23359304046631,9.492739099744208,True
2025-07-30 01:00:00,UPTC_SOG,Sogamoso,-6.132,6.08316,-12.215159923553466,12.215159923553466,9.492739099744208,True
2024-08-28 11:00:00,UPTC_DUI,Duitama,24.96,12.75223,12.207770309448243,12.207770309448243,9.492739099744208,True
2025-04-10 11:00:00,UPTC_SOG,Sogamoso,24.818,12.621504,12.196496170043947,12.196496170043947,9.492739099744208,True
2025-09-02 09:00:00,UPTC_DUI,Duitama,26.88,14.716389,12.16361129760742,12.16361129760742,9.492739099744208,True
2025-09-08 10:00:00,UPTC_SOG,Sogamoso,25.933,13.780164,12.152836235046387,12.152836235046387,9.492739099744208,True
2025-06-13 11:00:00,UPTC_DUI,Duitama,24.419,12.274824,12.144175857543946,12.144175857543946,9.492739099744208,True
2025-06-05 10:00:00,UPTC_DUI,Duitama,25.081,12.967452,12.113547950744628,12.113547950744628,9.492739099744208,True
2025-06-13 07:00:00,UPTC_DUI,Duitama,23.785,11.713235,12.071765098571777,12.071765098571777,9.492739099744208,True
2024-08-28 08:00:00,UPTC_DUI,Duitama,23.904,11.836455,12.067544654846191,12.067544654846191,9.492739099744208,True
2024-12-02 15:00:00,UPTC_SOG,Sogamoso,19.39,7.3528137,12.037186279296876,12.037186279296876,9.492739099744208,True
2025-08-29 08:00:00,UPTC_SOG,Sogamoso,23.899,11.871782,12.027217697143556,12.027217697143556,9.492739099744208,True
2025-04-15 10:00:00,UPTC_SOG,Sogamoso,25.812,13.829987,11.982013427734376,11.982013427734376,9.492739099744208,True
2025-08-25 11:00:00,UPTC_SOG,Sogamoso,24.389,12.445471,11.943529190063476,11.943529190063476,9.492739099744208,True
2024-09-10 16:00:00,UPTC_SOG,Sogamoso,24.711,12.768329,11.942671333312987,11.942671333312987,9.492739099744208,True
2025-08-25 11:00:00,UPTC_DUI,Duitama,24.605,12.67996,11.925039749145508,11.925039749145508,9.492739099744208,True
2024-09-04 14:00:00,UPTC_SOG,Sogamoso,24.958,13.048128,11.90987187194824,11.90987187194824,9.492739099744208,True
2025-09-10 08:00:00,UPTC_SOG,Sogamoso,25.551,13.658576,11.892423988342284,11.892423988342284,9.492739099744208,True
2025-04-21 14:00:00,UPTC_DUI,Duitama,26.023,14.137006,11.885994194030761,11.885994194030761,9.492739099744208,True
2025-02-15 20:00:00,UPTC_TUN,Tunja,13.43293353532953,1.5480845,11.884849037877748,11.884849037877748,9.492739099744208,True
2025-03-22 19:00:00,UPTC_TUN,Tunja,13.539826905637192,1.6852831,11.854543840794967,11.854543840794967,9.492739099744208,True
2025-04-12 11:00:00,UPTC_SOG,Sogamoso,14.013,25.855776,-11.842775833129883,11.842775833129883,9.492739099744208,True
2024-09-05 17:00:00,UPTC_SOG,Sogamoso,23.477,11.640067,11.836932899475098,11.836932899475098,9.492739099744208,True
2025-06-02 07:00:00,UPTC_SOG,Sogamoso,23.545,11.776037,11.768962783813478,11.768962783813478,9.492739099744208,True
2025-07-17 20:00:00,UPTC_SOG,Sogamoso,-6.332,5.3420315,-11.674031478881837,11.674031478881837,9.492739099744208,True
2025-05-29 07:00:00,UPTC_SOG,Sogamoso,24.666,13.056971,11.609029403686524,11.609029403686524,9.492739099744208,True
2024-09-11 14:00:00,UPTC_SOG,Sogamoso,24.621,13.055356,11.565643974304198,11.565643974304198,9.492739099744208,True
2025-09-17 07:00:00,UPTC_SOG,Sogamoso,25.177,13.690868,11.486131622314453,11.486131622314453,9.492739099744208,True
2025-06-09 09:00:00,UPTC_DUI,Duitama,24.128,12.655973,11.472026565551758,11.472026565551758,9.492739099744208,True
2025-02-11 22:00:00,UPTC_TUN,Tunja,13.247651693462917,1.8113216,11.436330077290126,11.436330077290126,9.492739099744208,True
2024-12-04 16:00:00,UPTC_SOG,Sogamoso,18.571,7.1393723,11.431627651214601,11.431627651214601,9.492739099744208,True
2025-03-16 21:00:00,UPTC_TUN,Tunja,13.240525468775738,1.8214916,11.419033869692791,11.419033869692791,9.492739099744208,True
2025-04-03 17:00:00,UPTC_SOG,Sogamoso,24.661,13.249263,11.411737190246583,11.411737190246583,9.492739099744208,True
2024-09-12 08:00:00,UPTC_DUI,Duitama,25.212,13.800412,11.411587821960449,11.411587821960449,9.492739099744208,True
2025-01-03 12:00:00,UPTC_TUN,Tunja,12.734563515986135,1.325878,11.408685491884878,11.408685491884878,9.492739099744208,True
2025-04-03 20:00:00,UPTC_SOG,Sogamoso,0.0,11.390859,-11.39085865020752,11.39085865020752,9.492739099744208,True
2025-02-23 12:00:00,UPTC_TUN,Tunja,12.535029224745168,1.2055387,11.329490475050344,11.329490475050344,9.492739099744208,True
2025-09-23 17:00:00,UPTC_SOG,Sogamoso,24.039,12.712093,11.326906646728517,11.326906646728517,9.492739099744208,True
2025-04-11 11:00:00,UPTC_TUN,Tunja,10.313,21.636797,-11.323796951293945,11.323796951293945,9.492739099744208,True
2025-08-03 10:00:00,UPTC_DUI,Duitama,-5.763,5.553756,-11.31675623703003,11.31675623703003,9.492739099744208,True
2025-04-09 17:00:00,UPTC_SOG,Sogamoso,24.617,13.357722,11.259277717590333,11.259277717590333,9.492739099744208,True
2024-09-18 03:00:00,UPTC_SOG,Sogamoso,-6.144,5.0365434,-11.180543369293213,11.180543369293213,9.492739099744208,True
2025-08-21 09:00:00,UPTC_SOG,Sogamoso,23.723,12.565366,11.157634208679198,11.157634208679198,9.492739099744208,True
2025-06-09 09:00:00,UPTC_SOG,Sogamoso,23.207,12.063632,11.143367988586427,11.143367988586427,9.492739099744208,True
2025-04-03 07:00:00,UPTC_SOG,Sogamoso,23.962,12.822196,11.139803993225097,11.139803993225097,9.492739099744208,True
2025-09-09 14:00:00,UPTC_DUI,Duitama,24.918,13.779169,11.138830917358398,11.138830917358398,9.492739099744208,True
2024-09-16 07:00:00,UPTC_SOG,Sogamoso,23.575,12.443766,11.13123435974121,11.13123435974121,9.492739099744208,True
2025-07-23 13:00:00,UPTC_TUN,Tunja,-5.691,5.429521,-11.120521083831786,11.120521083831786,9.492739099744208,True
2025-06-05 15:00:00,UPTC_SOG,Sogamoso,22.632,11.548044,11.083955795288087,11.083955795288087,9.492739099744208,True
2025-02-26 22:00:00,UPTC_TUN,Tunja,12.805825762857912,1.7240374,11.081788354029177,11.081788354029177,9.492739099744208,True
2025-05-29 11:00:00,UPTC_CHI,Chiquinquirá,0.0,11.073804,-11.073803901672363,11.073803901672363,9.492739099744208,True
2024-09-06 17:00:00,UPTC_DUI,Duitama,21.331,10.286068,11.044932037353515,11.044932037353515,9.492739099744208,True
2025-09-26 07:00:00,UPTC_SOG,Sogamoso,23.317,12.277769,11.039230911254883,11.039230911254883,9.492739099744208,True
2024-09-05 16:00:00,UPTC_DUI,Duitama,23.622,12.594633,11.027366897583008,11.027366897583008,9.492739099744208,True
2025-10-09 16:00:00,UPTC_SOG,Sogamoso,23.491,12.475629,11.015371147155761,11.015371147155761,9.492739099744208,True
2025-04-22 10:00:00,UPTC_SOG,Sogamoso,23.496,12.506976,10.989023872375487,10.989023872375487,9.492739099744208,True
2025-04-19 23:00:00,UPTC_DUI,Duitama,-5.832,5.1534824,-10.98548243713379,10.98548243713379,9.492739099744208,True
2025-04-10 16:00:00,UPTC_SOG,Sogamoso,25.064,14.086022,10.97797762298584,10.97797762298584,9.492739099744208,True
2024-08-29 16:00:00,UPTC_SOG,Sogamoso,23.224,12.249495,10.974505447387696,10.974505447387696,9.492739099744208,True
2025-04-02 07:00:00,UPTC_SOG,Sogamoso,23.798,12.846422,10.951577804565428,10.951577804565428,9.492739099744208,True
2025-05-17 12:00:00,UPTC_SOG,Sogamoso,14.951,25.87693,-10.925930236816406,10.925930236816406,9.492739099744208,True
2024-08-28 21:00:00,UPTC_DUI,Duitama,-5.369,5.554542,-10.923542064666748,10.923542064666748,9.492739099744208,True
2025-09-23 16:00:00,UPTC_DUI,Duitama,25.193,14.273968,10.91903225708008,10.91903225708008,9.492739099744208,True
2025-07-22 21:00:00,UPTC_DUI,Duitama,-5.657,5.24923,-10.906229907989502,10.906229907989502,9.492739099744208,True
2025-09-05 07:00:00,UPTC_DUI,Duitama,24.246,13.3670225,10.878977485656737,10.878977485656737,9.492739099744208,True
2025-06-04 10:00:00,UPTC_SOG,Sogamoso,23.278,12.421738,10.856262329101561,10.856262329101561,9.492739099744208,True
2025-04-12 06:00:00,UPTC_SOG,Sogamoso,-5.667,5.1784363,-10.845436279296875,10.845436279296875,9.492739099744208,True
2025-10-10 09:00:00,UPTC_SOG,Sogamoso,23.517,12.69527,10.821730415344238,10.821730415344238,9.492739099744208,True
2025-05-23 11:00:00,UPTC_DUI,Duitama,23.448,12.629331,10.8186693649292,10.8186693649292,9.492739099744208,True
2025-06-02 16:00:00,UPTC_SOG,Sogamoso,22.423,11.634807,10.788193367004393,10.788193367004393,9.492739099744208,True
2025-04-16 23:00:00,UPTC_SOG,Sogamoso,-5.851,4.934272,-10.785271812438964,10.785271812438964,9.492739099744208,True
2025-05-05 15:00:00,UPTC_SOG,Sogamoso,24.54,13.762697,10.777302780151366,10.777302780151366,9.492739099744208,True
2025-05-20 22:00:00,UPTC_DUI,Duitama,-5.703,5.064111,-10.767111232757568,10.767111232757568,9.492739099744208,True
2025-01-01 05:00:00,UPTC_TUN,Tunja,12.599165246929768,1.8355104,10.763654873814229,10.763654873814229,9.492739099744208,True
2025-03-24 15:00:00,UPTC_DUI,Duitama,17.955,28.709013,-10.754012985229494,10.754012985229494,9.492739099744208,True
2024-09-04 09:00:00,UPTC_DUI,Duitama,25.375,14.637593,10.737406730651855,10.737406730651855,9.492739099744208,True
2025-04-29 16:00:00,UPTC_DUI,Duitama,22.307,33.013634,-10.706633728027345,10.706633728027345,9.492739099744208,True
2025-06-12 15:00:00,UPTC_DUI,Duitama,22.798,12.105378,10.692621849060057,10.692621849060057,9.492739099744208,True
2025-06-12 08:00:00,UPTC_DUI,Duitama,23.589,12.914402,10.674597991943358,10.674597991943358,9.492739099744208,True
2025-04-17 07:00:00,UPTC_DUI,Duitama,24.37,13.708484,10.661516304016114,10.661516304016114,9.492739099744208,True
2024-09-30 07:00:00,UPTC_SOG,Sogamoso,23.218,12.558941,10.659059112548828,10.659059112548828,9.492739099744208,True
2025-06-14 04:00:00,UPTC_SOG,Sogamoso,-5.532,5.108984,-10.640983993530273,10.640983993530273,9.492739099744208,True
2025-06-11 09:00:00,UPTC_DUI,Duitama,23.726,13.085109,10.640891242980956,10.640891242980956,9.492739099744208,True
2024-09-17 05:00:00,UPTC_DUI,Duitama,-5.658,4.97174,-10.629739768981935,10.629739768981935,9.492739099744208,True
2024-09-23 15:00:00,UPTC_DUI,Duitama,23.814,13.186348,10.627652038574219,10.627652038574219,9.492739099744208,True
2024-09-05 11:00:00,UPTC_DUI,Duitama,26.069,15.472082,10.596917861938476,10.596917861938476,9.492739099744208,True
2024-09-05 07:00:00,UPTC_SOG,Sogamoso,23.233,12.652811,10.580188949584961,10.580188949584961,9.492739099744208,True
2025-07-09 08:00:00,UPTC_DUI,Duitama,0.0,10.570795,-10.570795059204102,10.570795059204102,9.492739099744208,True
2025-04-17 07:00:00,UPTC_SOG,Sogamoso,24.121,13.571188,10.549812026977538,10.549812026977538,9.492739099744208,True
2024-10-14 09:00:00,UPTC_SOG,Sogamoso,23.501,12.962888,10.53811223602295,10.53811223602295,9.492739099744208,True
2025-05-08 10:00:00,UPTC_SOG,Sogamoso,24.667,14.162822,10.504178230285646,10.504178230285646,9.492739099744208,True
2025-09-19 10:00:00,UPTC_SOG,Sogamoso,24.786,14.306539,10.479461418151857,10.479461418151857,9.492739099744208,True
2025-04-22 08:00:00,UPTC_SOG,Sogamoso,24.568,14.098519,10.469480674743654,10.469480674743654,9.492739099744208,True
2024-09-11 10:00:00,UPTC_TUN,Tunja,10.009,20.45868,-10.44967919921875,10.44967919921875,9.492739099744208,True
2025-02-12 15:00:00,UPTC_CHI,Chiquinquirá,7.289,17.72393,-10.434930358886719,10.434930358886719,9.492739099744208,True
2025-09-24 07:00:00,UPTC_SOG,Sogamoso,22.864,12.43089,10.433109916687012,10.433109916687012,9.492739099744208,True
2025-08-10 19:00:00,UPTC_SOG,Sogamoso,-5.319,5.0959578,-10.41495775604248,10.41495775604248,9.492739099744208,True
2025-04-21 16:00:00,UPTC_SOG,Sogamoso,23.797,13.409822,10.387177536010743,10.387177536010743,9.492739099744208,True
2024-12-02 07:00:00,UPTC_DUI,Duitama,18.49,8.102978,10.387022247314452,10.387022247314452,9.492739099744208,True
2024-10-28 17:00:00,UPTC_SOG,Sogamoso,21.805,11.425596,10.379403762817383,10.379403762817383,9.492739099744208,True
2024-10-09 17:00:00,UPTC_SOG,Sogamoso,21.019,10.66037,10.358630126953123,10.358630126953123,9.492739099744208,True
2025-06-05 08:00:00,UPTC_DUI,Duitama,23.135,12.784101,10.350899467468263,10.350899467468263,9.492739099744208,True
2025-06-09 15:00:00,UPTC_DUI,Duitama,22.916,12.566172,10.349828353881836,10.349828353881836,9.492739099744208,True
2025-09-09 07:00:00,UPTC_SOG,Sogamoso,23.804,13.465228,10.338771919250487,10.338771919250487,9.492739099744208,True
2025-04-24 11:00:00,UPTC_SOG,Sogamoso,24.008,13.687541,10.320458992004394,10.320458992004394,9.492739099744208,True
2025-04-28 09:00:00,UPTC_DUI,Duitama,24.994,14.678752,10.315248054504394,10.315248054504394,9.492739099744208,True
2025-04-08 08:00:00,UPTC_DUI,Duitama,23.342,13.071014,10.270985595703124,10.270985595703124,9.492739099744208,True
2024-09-24 16:00:00,UPTC_DUI,Duitama,22.899,12.641132,10.257867645263673,10.257867645263673,9.492739099744208,True
2025-05-22 07:00:00,UPTC_SOG,Sogamoso,23.819,13.612733,10.206267112731933,10.206267112731933,9.492739099744208,True
2024-08-29 11:00:00,UPTC_SOG,Sogamoso,22.567,12.380806,10.186194030761719,10.186194030761719,9.492739099744208,True
2025-01-31 07:00:00,UPTC_DUI,Duitama,20.151,9.996374,10.154625869750976,10.154625869750976,9.492739099744208,True
2025-10-27 12:00:00,UPTC_DUI,Duitama,0.0,10.147076,-10.147075653076172,10.147075653076172,9.492739099744208,True
2025-05-14 04:00:00,UPTC_SOG,Sogamoso,-5.918,4.2263966,-10.144396560668945,10.144396560668945,9.492739099744208,True
2025-04-05 16:00:00,UPTC_CHI,Chiquinquirá,11.423338173545485,1.3043646,10.118973611510878,10.118973611510878,9.492739099744208,True
2025-06-23 12:00:00,UPTC_SOG,Sogamoso,0.0,10.101099,-10.101099014282227,10.101099014282227,9.492739099744208,True
2024-12-04 14:00:00,UPTC_DUI,Duitama,17.092,6.9989905,10.093009464263915,10.093009464263915,9.492739099744208,True
2025-09-09 11:00:00,UPTC_DUI,Duitama,26.767,16.688206,10.078794281005859,10.078794281005859,9.492739099744208,True
2024-09-27 10:00:00,UPTC_SOG,Sogamoso,23.699,13.646022,10.052978157043459,10.052978157043459,9.492739099744208,True
2025-09-15 17:00:00,UPTC_DUI,Duitama,22.118,12.091514,10.026486366271971,10.026486366271971,9.492739099744208,True
2025-08-29 14:00:00,UPTC_DUI,Duitama,20.829,10.808949,10.020050529479981,10.020050529479981,9.492739099744208,True
2025-05-19 16:00:00,UPTC_DUI,Duitama,24.091,14.0824995,10.008500495910646,10.008500495910646,9.492739099744208,True
2025-09-18 08:00:00,UPTC_SOG,Sogamoso,23.905,13.899562,10.005438117980958,10.005438117980958,9.492739099744208,True
2025-09-04 10:00:00,UPTC_DUI,Duitama,25.687,15.684824,10.002176010131837,10.002176010131837,9.492739099744208,True
2025-05-12 09:00:00,UPTC_DUI,Duitama,24.256,14.279788,9.976211982727051,9.976211982727051,9.492739099744208,True
2024-09-26 10:00:00,UPTC_SOG,Sogamoso,23.933,13.980756,9.952244194030762,9.952244194030762,9.492739099744208,True
2025-04-30 09:00:00,UPTC_DUI,Duitama,25.225,15.273931,9.95106945037842,9.95106945037842,9.492739099744208,True
2025-09-09 09:00:00,UPTC_SOG,Sogamoso,24.512,14.5618515,9.950148498535157,9.950148498535157,9.492739099744208,True
2025-06-06 14:00:00,UPTC_SOG,Sogamoso,17.291,7.3513975,9.939602485656739,9.939602485656739,9.492739099744208,True
2025-05-15 17:00:00,UPTC_DUI,Duitama,23.468,13.547872,9.920128410339355,9.920128410339355,9.492739099744208,True
2025-09-18 15:00:00,UPTC_SOG,Sogamoso,23.682,13.77649,9.905509788513182,9.905509788513182,9.492739099744208,True
2025-04-28 10:00:00,UPTC_SOG,Sogamoso,24.17,14.267546,9.90245429992676,9.90245429992676,9.492739099744208,True
2025-05-02 11:00:00,UPTC_TUN,Tunja,11.008,20.908531,-9.900531188964845,9.900531188964845,9.492739099744208,True
2024-11-25 17:00:00,UPTC_SOG,Sogamoso,21.24,11.350173,9.889827003479002,9.889827003479002,9.492739099744208,True
2025-05-08 10:00:00,UPTC_DUI,Duitama,25.268,15.380031,9.887969367980958,9.887969367980958,9.492739099744208,True
2024-11-18 08:00:00,UPTC_SOG,Sogamoso,22.813,12.935045,9.877954757690429,9.877954757690429,9.492739099744208,True
2025-05-28 08:00:00,UPTC_DUI,Duitama,25.098,15.225325,9.872675369262694,9.872675369262694,9.492739099744208,True
2024-09-20 07:00:00,UPTC_SOG,Sogamoso,23.117,13.2603245,9.856675521850587,9.856675521850587,9.492739099744208,True
2025-05-23 08:00:00,UPTC_DUI,Duitama,22.716,12.8695345,9.846465507507325,9.846465507507325,9.492739099744208,True
2024-09-27 08:00:00,UPTC_TUN,Tunja,0.0,9.805296,-9.805295944213867,9.805295944213867,9.492739099744208,True
2025-06-05 09:00:00,UPTC_DUI,Duitama,22.796,13.006982,9.78901815032959,9.78901815032959,9.492739099744208,True
2025-05-15 15:00:00,UPTC_DUI,Duitama,21.902,12.1234,9.77860026550293,9.77860026550293,9.492739099744208,True
2025-10-23 17:00:00,UPTC_SOG,Sogamoso,20.78,11.00329,9.7767098236084,9.7767098236084,9.492739099744208,True
2025-10-10 07:00:00,UPTC_TUN,Tunja,9.782,19.552036,-9.77003628540039,9.77003628540039,9.492739099744208,True
2024-11-18 07:00:00,UPTC_DUI,Duitama,16.513,26.268642,-9.755642425537108,9.755642425537108,9.492739099744208,True
2025-01-08 07:00:00,UPTC_TUN,Tunja,11.173920309494273,1.4337451,9.740175163696543,9.740175163696543,9.492739099744208,True
2025-10-14 16:00:00,UPTC_SOG,Sogamoso,21.135,11.419003,9.715997467041017,9.715997467041017,9.492739099744208,True
2025-01-27 07:00:00,UPTC_TUN,Tunja,0.0,9.715945,-9.71594524383545,9.71594524383545,9.492739099744208,True
2025-01-27 07:00:00,UPTC_TUN,Tunja,0.0,9.715945,-9.71594524383545,9.71594524383545,9.492739099744208,True
2025-09-10 10:00:00,UPTC_DUI,Duitama,24.674,15.001397,9.672602867126464,9.672602867126464,9.492739099744208,True
2024-11-04 08:00:00,UPTC_CHI,Chiquinquirá,7.37,17.040686,-9.670685653686522,9.670685653686522,9.492739099744208,True
2024-12-05 11:00:00,UPTC_DUI,Duitama,17.063,7.3943615,9.66863850402832,9.66863850402832,9.492739099744208,True
2024-12-05 09:00:00,UPTC_DUI,Duitama,16.981,7.3232093,9.657790714263918,9.657790714263918,9.492739099744208,True
2025-01-27 11:00:00,UPTC_SOG,Sogamoso,20.647,10.994281,9.652719184875487,9.652719184875487,9.492739099744208,True
2025-05-13 14:00:00,UPTC_DUI,Duitama,24.086,14.438712,9.647287879943846,9.647287879943846,9.492739099744208,True
2025-01-20 17:00:00,UPTC_DUI,Duitama,19.651,10.004764,9.64623639678955,9.64623639678955,9.492739099744208,True
2025-04-21 14:00:00,UPTC_SOG,Sogamoso,23.304,13.675909,9.6280909576416,9.6280909576416,9.492739099744208,True
2025-04-21 17:00:00,UPTC_SOG,Sogamoso,22.77,13.142954,9.627046127319336,9.627046127319336,9.492739099744208,True
2025-05-08 15:00:00,UPTC_SOG,Sogamoso,22.876,13.249963,9.626037193298341,9.626037193298341,9.492739099744208,True
2025-02-25 14:00:00,UPTC_TUN,Tunja,8.308,17.928307,-9.620306579589844,9.620306579589844,9.492739099744208,True
2024-10-28 08:00:00,UPTC_SOG,Sogamoso,21.798,12.180804,9.617195747375487,9.617195747375487,9.492739099744208,True
2025-05-14 16:00:00,UPTC_SOG,Sogamoso,22.922,13.311898,9.610101768493653,9.610101768493653,9.492739099744208,True
2025-04-22 11:00:00,UPTC_DUI,Duitama,24.89,15.286786,9.603213920593262,9.603213920593262,9.492739099744208,True
2024-10-29 08:00:00,UPTC_SOG,Sogamoso,21.712,12.113033,9.598966705322265,9.598966705322265,9.492739099744208,True
2025-06-10 00:00:00,UPTC_CHI,Chiquinquirá,10.960133568878948,1.367607,9.592526571389019,9.592526571389019,9.492739099744208,True
2024-09-24 09:00:00,UPTC_DUI,Duitama,24.588,15.006219,9.581781089782716,9.581781089782716,9.492739099744208,True
2024-09-02 14:00:00,UPTC_SOG,Sogamoso,23.629,14.047627,9.581372550964357,9.581372550964357,9.492739099744208,True
2025-06-12 14:00:00,UPTC_SOG,Sogamoso,21.672,12.116656,9.555343696594239,9.555343696594239,9.492739099744208,True
2025-04-11 11:00:00,UPTC_SOG,Sogamoso,21.769,12.220216,9.548784202575682,9.548784202575682,9.492739099744208,True
2025-01-27 07:00:00,UPTC_CHI,Chiquinquirá,0.0,9.547322,-9.547322273254395,9.547322273254395,9.492739099744208,True
2025-04-11 07:00:00,UPTC_SOG,Sogamoso,23.118,13.578117,9.53988262939453,9.53988262939453,9.492739099744208,True
2024-11-22 09:00:00,UPTC_SOG,Sogamoso,21.545,12.008587,9.53641311645508,9.53641311645508,9.492739099744208,True
2025-06-01 02:00:00,UPTC_CHI,Chiquinquirá,10.518307638273944,0.9842796,9.53402806531023,9.53402806531023,9.492739099744208,True
2025-05-09 15:00:00,UPTC_SOG,Sogamoso,15.883,6.349334,9.53366623687744,9.53366623687744,9.492739099744208,True
2025-09-08 18:00:00,UPTC_SOG,Sogamoso,0.0,9.532227,-9.5322265625,9.5322265625,9.492739099744208,True
2024-10-21 07:00:00,UPTC_TUN,Tunja,0.0,9.524182,-9.524182319641113,9.524182319641113,9.492739099744208,True
2025-09-22 16:00:00,UPTC_DUI,Duitama,23.289,13.77194,9.51705976867676,9.51705976867676,9.492739099744208,True
2025-10-25 13:00:00,UPTC_CHI,Chiquinquirá,10.803356625761044,1.2932249,9.5101316949978,9.5101316949978,9.492739099744208,True
2025-10-08 16:00:00,UPTC_SOG,Sogamoso,21.526,12.020846,9.505153633117676,9.505153633117676,9.492739099744208,True
2024-09-25 14:00:00,UPTC_SOG,Sogamoso,22.942,13.437754,9.504246322631836,9.504246322631836,9.492739099744208,True
2025-05-07 17:00:00,UPTC_DUI,Duitama,23.813,14.3197,9.493299758911132,9.493299758911132,9.492739099744208,True
